{"valid/ner_logits": {"_type": "histogram", "values": [2, 7, 23, 37, 71, 189, 303, 450, 582, 909, 1247, 1649, 2016, 2272, 2552, 2549, 2360, 1955, 1553, 1115, 813, 718, 500, 341, 189, 129, 74, 71, 57, 65, 95, 119, 131, 139, 165, 198, 290, 301, 283, 270, 208, 180, 164, 108, 62, 22, 11, 9, 13, 9, 6, 4, 4, 4, 6, 6, 6, 7, 11, 8, 1, 0, 5, 5], "bins": [-2.253848075866699, -2.1158077716827393, -1.9777674674987793, -1.8397271633148193, -1.7016868591308594, -1.5636465549468994, -1.4256062507629395, -1.2875659465789795, -1.1495256423950195, -1.0114853382110596, -0.8734450340270996, -0.7354047298431396, -0.5973644256591797, -0.4593241214752197, -0.32128381729125977, -0.1832435131072998, -0.045203208923339844, 0.09283709526062012, 0.23087739944458008, 0.36891770362854004, 0.5069580078125, 0.64499831199646, 0.7830386161804199, 0.9210789203643799, 1.0591192245483398, 1.1971595287322998, 1.3351998329162598, 1.4732401371002197, 1.6112804412841797, 1.7493207454681396, 1.8873610496520996, 2.0254013538360596, 2.1634416580200195, 2.3014819622039795, 2.4395222663879395, 2.5775625705718994, 2.7156028747558594, 2.8536431789398193, 2.9916834831237793, 3.1297237873077393, 3.267764091491699, 3.405804395675659, 3.543844699859619, 3.681885004043579, 3.819925308227539, 3.957965612411499, 4.096005916595459, 4.23404598236084, 4.372086524963379, 4.510127067565918, 4.648167133331299, 4.78620719909668, 4.924247741699219, 5.062288284301758, 5.200328350067139, 5.3383684158325195, 5.476408958435059, 5.614449501037598, 5.7524895668029785, 5.890529632568359, 6.028570175170898, 6.1666107177734375, 6.304650783538818, 6.442690849304199, 6.580731391906738]}, "valid/intent_logits": {"_type": "histogram", "values": [3, 8, 6, 7, 4, 7, 9, 4, 0, 0, 0, 3, 7, 5, 3, 4, 2, 3, 7, 4, 3, 3, 0, 0, 0, 0, 1, 0, 2, 1, 0, 0, 0, 0, 0, 0, 0, 0, 0, 0, 0, 0, 0, 0, 0, 0, 0, 0, 0, 0, 1, 1, 1, 1, 0, 4, 1, 6, 1, 1, 0, 0, 4, 3], "bins": [-0.8845087289810181, -0.8366103768348694, -0.7887119650840759, -0.7408136129379272, -0.6929152011871338, -0.6450168490409851, -0.5971184968948364, -0.549220085144043, -0.5013217329978943, -0.4534233510494232, -0.40552496910095215, -0.3576265871524811, -0.30972820520401, -0.26182982325553894, -0.21393145620822906, -0.1660330891609192, -0.11813470721244812, -0.07023633271455765, -0.022337954491376877, 0.025560421869158745, 0.07345879822969437, 0.12135717272758484, 0.1692555546760559, 0.21715392172336578, 0.26505231857299805, 0.31295067071914673, 0.3608490526676178, 0.40874743461608887, 0.45664581656455994, 0.504544198513031, 0.5524425506591797, 0.6003409624099731, 0.6482393145561218, 0.6961376667022705, 0.744036078453064, 0.7919344305992126, 0.8398328423500061, 0.8877311944961548, 0.9356295466423035, 0.9835279583930969, 1.0314263105392456, 1.079324722290039, 1.1272231340408325, 1.1751214265823364, 1.2230198383331299, 1.2709182500839233, 1.3188165426254272, 1.3667149543762207, 1.4146133661270142, 1.462511658668518, 1.5104100704193115, 1.558308482170105, 1.6062068939208984, 1.6541051864624023, 1.7020035982131958, 1.7499020099639893, 1.7978003025054932, 1.8456987142562866, 1.89359712600708, 1.941495418548584, 1.9893938302993774, 2.037292242050171, 2.085190534591675, 2.133089065551758, 2.1809873580932617]}, "global_step": 70, "_timestamp": 1706434525.2056873, "_runtime": 597.5128202438354, "_step": 6, "validation_loss": 2.6387979984283447, "val_ner_accuracy": 0.6736134886741638, "val_intent_accuracy": 0.3333333432674408, "epoch": 1, "trainer/global_step": 69, "training_loss": 2.604339838027954, "ner_accuracy": 0.624903678894043, "intent_accuracy": 0.37142857909202576, "_wandb": {"runtime": 619}}