{"valid/ner_logits": {"_type": "histogram", "values": [8, 9, 32, 70, 102, 180, 340, 642, 909, 1228, 1542, 1783, 1941, 2161, 2054, 2014, 1955, 1867, 1553, 1363, 1037, 906, 752, 566, 436, 348, 281, 237, 222, 192, 144, 143, 119, 106, 84, 60, 43, 33, 27, 20, 24, 10, 7, 4, 1, 2, 4, 6, 4, 7, 3, 6, 5, 11, 8, 4, 4, 3, 2, 5, 8, 3, 1, 7], "bins": [-2.35960054397583, -2.207043170928955, -2.054485559463501, -1.901928186416626, -1.7493706941604614, -1.5968132019042969, -1.4442557096481323, -1.2916982173919678, -1.1391408443450928, -0.9865832924842834, -0.8340258598327637, -0.6814683675765991, -0.5289108753204346, -0.3763534426689148, -0.22379596531391144, -0.07123849540948868, 0.08131897449493408, 0.23387643694877625, 0.3864338994026184, 0.538991391658783, 0.6915488243103027, 0.8441063165664673, 0.9966638088226318, 1.1492213010787964, 1.301778793334961, 1.454336166381836, 1.6068936586380005, 1.759451150894165, 1.9120086431503296, 2.064566135406494, 2.217123508453369, 2.3696811199188232, 2.5222384929656982, 2.6747958660125732, 2.8273534774780273, 2.9799108505249023, 3.1324684619903564, 3.2850258350372314, 3.4375832080841064, 3.5901408195495605, 3.7426981925964355, 3.8952558040618896, 4.047813415527344, 4.200370788574219, 4.352928161621094, 4.505485534667969, 4.658042907714844, 4.810600757598877, 4.963158130645752, 5.115715503692627, 5.268272876739502, 5.420830249786377, 5.57338809967041, 5.725945472717285, 5.87850284576416, 6.031060218811035, 6.18361759185791, 6.336175441741943, 6.488732814788818, 6.641290187835693, 6.793847560882568, 6.946404933929443, 7.098962783813477, 7.251520156860352, 7.404077529907227]}, "valid/intent_logits": {"_type": "histogram", "values": [1, 2, 1, 2, 3, 0, 5, 5, 1, 0, 2, 2, 3, 2, 0, 2, 1, 2, 4, 1, 1, 0, 0, 1, 0, 1, 2, 1, 0, 2, 4, 2, 2, 7, 3, 2, 2, 4, 2, 2, 4, 5, 3, 2, 2, 0, 5, 5, 4, 1, 3, 1, 1, 0, 0, 0, 2, 1, 1, 1, 0, 1, 0, 1], "bins": [-1.1227627992630005, -1.0874290466308594, -1.0520954132080078, -1.0167616605758667, -0.9814280271530151, -0.9460943341255188, -0.9107605814933777, -0.8754268884658813, -0.840093195438385, -0.8047595024108887, -0.7694258093833923, -0.734092116355896, -0.6987584233283997, -0.6634247303009033, -0.628091037273407, -0.5927573442459106, -0.5574235916137695, -0.5220898985862732, -0.48675623536109924, -0.4514225125312805, -0.4160888195037842, -0.38075512647628784, -0.3454214334487915, -0.31008774042129517, -0.27475404739379883, -0.2394203394651413, -0.20408663153648376, -0.16875293850898743, -0.1334192454814911, -0.09808553755283356, -0.06275184452533722, -0.027418142184615135, 0.00791555643081665, 0.043249256908893585, 0.07858295738697052, 0.11391665041446686, 0.1492503583431244, 0.18458405137062073, 0.21991774439811707, 0.2552514374256134, 0.29058516025543213, 0.32591885328292847, 0.3612525463104248, 0.39658623933792114, 0.4319199323654175, 0.4672536253929138, 0.5025873184204102, 0.5379210114479065, 0.5732547044754028, 0.608588457107544, 0.6439221501350403, 0.6792558431625366, 0.714589536190033, 0.7499232292175293, 0.7852569222450256, 0.820590615272522, 0.8559243083000183, 0.8912580013275146, 0.926591694355011, 0.9619254469871521, 0.9972591400146484, 1.0325927734375, 1.0679265260696411, 1.1032601594924927, 1.1385939121246338]}, "global_step": 105, "_timestamp": 1708703632.3121243, "_runtime": 951.6845452785492, "_step": 9, "validation_loss": 2.2384274005889893, "val_ner_accuracy": 0.6881411671638489, "val_intent_accuracy": 0.4583333432674408, "epoch": 2, "trainer/global_step": 104, "training_loss": 2.105497360229492, "ner_accuracy": 0.7628255486488342, "intent_accuracy": 0.4285714328289032, "_wandb": {"runtime": 990}}