{"valid/ner_logits": {"_type": "histogram", "values": [3, 9, 39, 133, 272, 329, 468, 657, 824, 946, 965, 1033, 1069, 1038, 943, 896, 852, 757, 843, 872, 1106, 1135, 1239, 1360, 1450, 1242, 948, 889, 745, 539, 398, 310, 161, 80, 72, 108, 147, 177, 224, 276, 275, 351, 303, 306, 228, 231, 138, 79, 56, 26, 8, 5, 1, 6, 3, 9, 12, 13, 9, 5, 5, 14, 8, 3], "bins": [-1.7279458045959473, -1.6433119773864746, -1.558678150177002, -1.4740443229675293, -1.3894104957580566, -1.304776668548584, -1.2201428413391113, -1.1355090141296387, -1.050875186920166, -0.9662413001060486, -0.8816074728965759, -0.7969736456871033, -0.7123398184776306, -0.627705991268158, -0.5430721640586853, -0.45843833684921265, -0.37380450963974, -0.28917068243026733, -0.20453685522079468, -0.11990301311016083, -0.03526918590068817, 0.04936464503407478, 0.13399848341941833, 0.218632310628891, 0.30326613783836365, 0.3878999650478363, 0.47253379225730896, 0.557167649269104, 0.6418014764785767, 0.7264353036880493, 0.811069130897522, 0.8957029581069946, 0.9803367853164673, 1.06497061252594, 1.1496044397354126, 1.2342382669448853, 1.318872094154358, 1.4035059213638306, 1.4881397485733032, 1.5727735757827759, 1.6574074029922485, 1.7420412302017212, 1.8266750574111938, 1.9113088846206665, 1.9959427118301392, 2.0805766582489014, 2.165210485458374, 2.2498443126678467, 2.3344781398773193, 2.419111967086792, 2.5037457942962646, 2.5883796215057373, 2.67301344871521, 2.7576472759246826, 2.8422811031341553, 2.926914930343628, 3.0115487575531006, 3.0961825847625732, 3.180816411972046, 3.2654502391815186, 3.350084066390991, 3.434717893600464, 3.5193517208099365, 3.603985548019409, 3.688619375228882]}, "valid/intent_logits": {"_type": "histogram", "values": [6, 9, 7, 2, 0, 0, 0, 0, 0, 0, 1, 3, 7, 7, 5, 0, 1, 0, 0, 0, 0, 0, 0, 0, 0, 0, 0, 0, 0, 0, 0, 0, 0, 0, 0, 0, 0, 0, 2, 5, 8, 4, 9, 8, 6, 5, 1, 0, 0, 0, 1, 0, 1, 1, 1, 2, 5, 2, 1, 3, 0, 1, 4, 2], "bins": [-0.9661211967468262, -0.9402747750282288, -0.9144284129142761, -0.8885819911956787, -0.8627356290817261, -0.8368892073631287, -0.8110427856445312, -0.7851964235305786, -0.7593500018119812, -0.7335036396980286, -0.7076572179794312, -0.6818107962608337, -0.6559644341468811, -0.6301180124282837, -0.604271650314331, -0.5784252285957336, -0.5525788068771362, -0.5267324447631836, -0.5008860230445862, -0.47503963112831116, -0.44919323921203613, -0.4233468472957611, -0.3975004553794861, -0.37165406346321106, -0.34580767154693604, -0.3199612498283386, -0.2941148579120636, -0.2682684659957886, -0.24242207407951355, -0.21657566726207733, -0.1907292753458023, -0.1648828685283661, -0.13903647661209106, -0.11319007724523544, -0.08734367787837982, -0.0614972859621048, -0.035650886595249176, -0.009804489091038704, 0.016041908413171768, 0.04188830405473709, 0.06773470342159271, 0.09358110278844833, 0.11942750215530396, 0.14527389407157898, 0.171120285987854, 0.19696669280529022, 0.22281308472156525, 0.24865949153900146, 0.2745058834552765, 0.3003522753715515, 0.32619866728782654, 0.35204508900642395, 0.377891480922699, 0.403737872838974, 0.429584264755249, 0.45543065667152405, 0.4812770485877991, 0.5071234703063965, 0.5329698324203491, 0.5588162541389465, 0.584662675857544, 0.6105090379714966, 0.636355459690094, 0.6622018218040466, 0.688048243522644]}, "global_step": 35, "_timestamp": 1707644831.0893457, "_runtime": 752.0617816448212, "_step": 3, "validation_loss": 2.8536880016326904, "val_ner_accuracy": 0.5661116242408752, "val_intent_accuracy": 0.3333333432674408, "epoch": 0, "trainer/global_step": 34, "training_loss": 3.149306058883667, "ner_accuracy": 0.5561285018920898, "intent_accuracy": 0.2857142984867096, "_wandb": {"runtime": 777}}